{
  "best_epoch": 1,
  "peak_cpu_memory_MB": 2349.444,
  "peak_gpu_0_memory_MB": 7540,
  "peak_gpu_1_memory_MB": 8415,
  "peak_gpu_2_memory_MB": 7587,
  "peak_gpu_3_memory_MB": 8111,
  "peak_gpu_4_memory_MB": 6262,
  "peak_gpu_5_memory_MB": 10395,
  "peak_gpu_6_memory_MB": 10403,
  "peak_gpu_7_memory_MB": 5771,
  "training_duration": "0:00:17.646393",
  "training_start_epoch": 0,
  "training_epochs": 15,
  "epoch": 15,
  "training_acc": 0.34210526315789475,
  "training_rec": 0.41935483870967744,
  "training_f1": 0.3768115942028986,
  "training_facc": 0.42105263157894735,
  "training_dacc": 0.4375,
  "training_drec": 1.0,
  "training_df1": 0.6086956521739131,
  "training_loss": 0.12546347081661224,
  "training_cpu_memory_MB": 2349.444,
  "training_gpu_0_memory_MB": 7540,
  "training_gpu_1_memory_MB": 8415,
  "training_gpu_2_memory_MB": 7587,
  "training_gpu_3_memory_MB": 8111,
  "training_gpu_4_memory_MB": 6262,
  "training_gpu_5_memory_MB": 10395,
  "training_gpu_6_memory_MB": 10403,
  "training_gpu_7_memory_MB": 5771,
  "validation_acc": 0.0,
  "validation_rec": 0.0,
  "validation_f1": 0,
  "validation_facc": 0.027777777777777776,
  "validation_dacc": 0.3867924528301887,
  "validation_drec": 1.0,
  "validation_df1": 0.5578231292517007,
  "validation_loss": 0.2637011669576168,
  "best_validation_acc": 0.057692307692307696,
  "best_validation_rec": 0.072,
  "best_validation_f1": 0.06405693950177936,
  "best_validation_facc": 0.10897435897435898,
  "best_validation_dacc": 0.38317757009345793,
  "best_validation_drec": 1.0,
  "best_validation_df1": 0.5540540540540541,
  "best_validation_loss": 0.5905804634094238
}