{
  "best_epoch": 1,
  "peak_cpu_memory_MB": 2349.444,
  "peak_gpu_0_memory_MB": 7540,
  "peak_gpu_1_memory_MB": 8415,
  "peak_gpu_2_memory_MB": 7587,
  "peak_gpu_3_memory_MB": 8111,
  "peak_gpu_4_memory_MB": 6262,
  "peak_gpu_5_memory_MB": 10395,
  "peak_gpu_6_memory_MB": 10403,
  "peak_gpu_7_memory_MB": 5771,
  "training_duration": "0:00:16.818867",
  "training_start_epoch": 0,
  "training_epochs": 14,
  "epoch": 14,
  "training_acc": 0.3023255813953488,
  "training_rec": 0.41935483870967744,
  "training_f1": 0.3513513513513513,
  "training_facc": 0.5116279069767442,
  "training_dacc": 0.3333333333333333,
  "training_drec": 0.8571428571428571,
  "training_df1": 0.48,
  "training_loss": 0.14791686832904816,
  "training_cpu_memory_MB": 2349.444,
  "training_gpu_0_memory_MB": 7540,
  "training_gpu_1_memory_MB": 8415,
  "training_gpu_2_memory_MB": 7587,
  "training_gpu_3_memory_MB": 8111,
  "training_gpu_4_memory_MB": 6262,
  "training_gpu_5_memory_MB": 10395,
  "training_gpu_6_memory_MB": 10403,
  "training_gpu_7_memory_MB": 5771,
  "validation_acc": 0.029411764705882353,
  "validation_rec": 0.016,
  "validation_f1": 0.02072538860103627,
  "validation_facc": 0.07352941176470588,
  "validation_dacc": 0.38317757009345793,
  "validation_drec": 1.0,
  "validation_df1": 0.5540540540540541,
  "validation_loss": 0.2575656324625015,
  "best_validation_acc": 0.057692307692307696,
  "best_validation_rec": 0.072,
  "best_validation_f1": 0.06405693950177936,
  "best_validation_facc": 0.10897435897435898,
  "best_validation_dacc": 0.38317757009345793,
  "best_validation_drec": 1.0,
  "best_validation_df1": 0.5540540540540541,
  "best_validation_loss": 0.5905804634094238
}