{
  "best_epoch": 1,
  "peak_cpu_memory_MB": 2349.396,
  "peak_gpu_0_memory_MB": 7540,
  "peak_gpu_1_memory_MB": 8415,
  "peak_gpu_2_memory_MB": 7587,
  "peak_gpu_3_memory_MB": 8111,
  "peak_gpu_4_memory_MB": 6262,
  "peak_gpu_5_memory_MB": 10395,
  "peak_gpu_6_memory_MB": 10403,
  "peak_gpu_7_memory_MB": 5771,
  "training_duration": "0:00:11.373204",
  "training_start_epoch": 0,
  "training_epochs": 8,
  "epoch": 8,
  "training_acc": 0.2682926829268293,
  "training_rec": 0.3548387096774194,
  "training_f1": 0.3055555555555556,
  "training_facc": 0.36585365853658536,
  "training_dacc": 0.28,
  "training_drec": 1.0,
  "training_df1": 0.43750000000000006,
  "training_loss": 0.22846448421478271,
  "training_cpu_memory_MB": 2349.396,
  "training_gpu_0_memory_MB": 7540,
  "training_gpu_1_memory_MB": 8415,
  "training_gpu_2_memory_MB": 7587,
  "training_gpu_3_memory_MB": 8111,
  "training_gpu_4_memory_MB": 6262,
  "training_gpu_5_memory_MB": 10395,
  "training_gpu_6_memory_MB": 10403,
  "training_gpu_7_memory_MB": 5771,
  "validation_acc": 0.028037383177570093,
  "validation_rec": 0.024,
  "validation_f1": 0.025862068965517244,
  "validation_facc": 0.056074766355140186,
  "validation_dacc": 0.38317757009345793,
  "validation_drec": 1.0,
  "validation_df1": 0.5540540540540541,
  "validation_loss": 0.250669714063406,
  "best_validation_acc": 0.057692307692307696,
  "best_validation_rec": 0.072,
  "best_validation_f1": 0.06405693950177936,
  "best_validation_facc": 0.10897435897435898,
  "best_validation_dacc": 0.38317757009345793,
  "best_validation_drec": 1.0,
  "best_validation_df1": 0.5540540540540541,
  "best_validation_loss": 0.5905804634094238
}