{
  "best_epoch": 0,
  "peak_cpu_memory_MB": 2328.388,
  "peak_gpu_0_memory_MB": 7540,
  "peak_gpu_1_memory_MB": 8415,
  "peak_gpu_2_memory_MB": 7587,
  "peak_gpu_3_memory_MB": 8111,
  "peak_gpu_4_memory_MB": 6180,
  "peak_gpu_5_memory_MB": 10395,
  "peak_gpu_6_memory_MB": 10403,
  "peak_gpu_7_memory_MB": 5771,
  "training_duration": "0:00:01.355315",
  "training_start_epoch": 0,
  "training_epochs": 0,
  "epoch": 0,
  "training_acc": 0.018648018648018648,
  "training_rec": 0.5161290322580645,
  "training_f1": 0.03599550056242969,
  "training_facc": 0.04079254079254079,
  "training_dacc": 0.08823529411764706,
  "training_drec": 0.8571428571428571,
  "training_df1": 0.16,
  "training_loss": 0.7419390678405762,
  "training_cpu_memory_MB": 2328.388,
  "training_gpu_0_memory_MB": 7540,
  "training_gpu_1_memory_MB": 8415,
  "training_gpu_2_memory_MB": 7587,
  "training_gpu_3_memory_MB": 8111,
  "training_gpu_4_memory_MB": 6180,
  "training_gpu_5_memory_MB": 10395,
  "training_gpu_6_memory_MB": 10403,
  "training_gpu_7_memory_MB": 5771,
  "validation_acc": 0.02877697841726619,
  "validation_rec": 0.192,
  "validation_f1": 0.05005213764337853,
  "validation_facc": 0.05635491606714628,
  "validation_dacc": 0.36936936936936937,
  "validation_drec": 1.0,
  "validation_df1": 0.5394736842105263,
  "validation_loss": 0.660977840423584,
  "best_validation_acc": 0.02877697841726619,
  "best_validation_rec": 0.192,
  "best_validation_f1": 0.05005213764337853,
  "best_validation_facc": 0.05635491606714628,
  "best_validation_dacc": 0.36936936936936937,
  "best_validation_drec": 1.0,
  "best_validation_df1": 0.5394736842105263,
  "best_validation_loss": 0.660977840423584
}